id,id_paper,reference
0,2,"M. Fatemi and J. F. Greenleaf, ""Ultrasound-stimulated vibro-acoustic spectrography,"" Science, vol. 280, pp. 82-85, 1998."
1,2,"G. T. Silva, S. Chen, J. F. Greenleaf, and M. Fatemi, ""Dynamic ultrasound radiation force in fluids,"" Physical Review E, vol. 17, p. 056617, May 2005."
2,2,"A. Alizad, M. Fatemi, R. A. Nishimura, R. R. Kinnick, E. Rambod, and J. F. Greenleaf, ""Detection of calcium deposits on heart valve leaflets by vibro-acoustography: an in vitro study,"" Journal of the America Society of Echocardiography, vol. 15, no. 11, pp. 1391-1395, November 2002."
3,2,"F. G. Mitri, P. Trompette, and J. Chapelon, ""Improving the use of vibro-acoustography for brachytherapy metal seed imaging: a feasibility study,"" IEEE Transactions on Medical Imaging, vol. 23, no. 1, pp. 1-6, January 2004."
4,2,"A. Alizad, M. Fatemi, L. E. Wold, and J. F. Greenleaf, ""Performance of vibro-acoustography in detecting microcalcifications in excised human breast tissue: a study on 74 tissue samples."" IEEE Transactions on Medical Imaging, vol. 23, no. 3, pp. 307-312, 2004."
5,2,"M. Fatemi, J. F. Greenleaf, and A. Manduca, ""Imaging elastic properties of biological tissues by low-frequency harmonic vibration,"" Proceedings in the Institute of Electric and Electronics Engineers, vol. 91, pp. 1503-1519, October 2003."
6,2,"F. G. Mitri, Z. E. A. Fellah, E. Closset, P. Trompette, and J. Chapelon, ""Determination of object resonances by vibro-acoustography and their associated modes,"" Ultrasonics, vol. 42, pp. 537-543, 2004."
7,2,"A. Alizad, L. E. Wold, J. F. Greenleaf, and M. Fatemi, ""Imaging mass lesions by vibro-acoustography: modeling and experiments."" IEEE Transactions on Medical Imaging, vol. 23, no. 9, pp. 1087-1093, 2004."
8,2,"C. A. Cain and S. Umemura, ""Concentric-ring and sectorvortex phased-array applicators for ultrasound hyperthermia,"" IEEE Transactions on Microwave Theory and Techniques, vol. MTT-34, no. 5, pp. 542-551, May 1986."
9,2,"S. Chen, M. Fatemi, R. Kinnick, and J. R Greenleaf, ""Comparison of stress field forming methods for vibroacoustography,"" IEEE Transactions on Ultrasonics, Ferroelectrics, and Frequency Control, vol. 51, no. 3, pp. 313-321, March 2004."
10,2,"G. T. Silva, J. F. Greenleaf, and M. Fatemi, ""Linear arrays for vibro-acoustography: a numerical simulation study,"" Ultrasonic Imaging, vol. 26, pp. 1-17, April 2004."
11,2,"G. T. Silva, S. Chen, E. Almeida, A. Frery, M. Fatemi, and J. R Greenleaf, ""Image formation in vibro-acoustography with sector array transducers,"" in XVII SIBGRAPI. Computer, 2004, pp. 25-32."
12,2,"G. T. Silva, S. Chen, A. Frery, J. F. Greenleaf, and M. Fatemi, ""Stress field forming of sector array transducers for vibro-acoustography, "" Accepted for publication in IEEE Transactions on Ultrasonics, Ferroelectric, and Frequency Control, March 2005."
13,2,"P. R. Wallace, Mathematical Analysis of Physical Problems. New York: Dover, 1984, p. 239."
14,2,"M. Fatemi and J. F. Greenleaf, ""Vibro-acoustography: an imaging modality based on ultrasound-stimulated acoustic emission,"" Proceedings of the National Academy of Sciences of the United States of America, vol. 96, pp. 6603-6608, June 1999."
15,2,"G. Wang and Y. Li, ""Axiomatic approach for quantification of image resolution,"" IEEE Signal Processing Letters, vol. 6, no. 10, pp. 257-258, 1999."
16,3,"S. Ahn and J. A. Fessier. Globally convergent image reconstruction for emission tomography using relaxed ordered subsets algorithms. IEEE Trans. Med. Imag., 22:613-626, 2003."
17,3,"J. A. Browne and A. R. D. Pierro. A row-action alternative to the em algorithm for maximizing likelihoods in emission tomography. IEEE Trans. Med. Imag., 15:687-699, 1996."
18,3,"E. S. Helou Nt. Teoria e experimentação com métodos incrementais relaxados em tomografia por emissão. M.Sc. Dissertation (in Portuguese), 2005."
19,3,"H. M. Hudson and R. S. Larkin. Accelerated image reconstruction using ordered subsets of projection data. IEEE Trans. Med. Imag., 20:601-609, 1994."
20,3,"A. C. Kak and M. Slaney. Principles of Computerized Tomographic Imaging. IEEE Press, N. York, NY, 1999 (Electronic Copy)."
21,3,"A. Nedić and D. P. Bertsekas. Incremental subgradient methods for nondifferentiable optimization. SIAM J. Optim., 12:109-138, 2001."
22,3,"Y. Vardi, L. A. Shepp, and L. Kaufman. A statistical model for positron emission tomography. Journal of the American Statistical Association, 80(389):8-20, March 1985."
23,3,"S. Ahn and J. A. Fessier. Globally convergent image reconstruction for emission tomography using relaxed ordered subsets algorithms. IEEE Trans. Med. Imag., 22:613-626, 2003."
24,3,"J. A. Browne and A. R. D. Pierro. A row-action alternative to the em algorithm for maximizing likelihoods in emission tomography. IEEE Trans. Med. Imag., 15:687-699, 1996."
25,3,"E. S. Helou Nt. Teoria e experimentação com métodos incrementais relaxados em tomografia por emissão. M.Sc. Dissertation (in Portuguese), 2005."
26,3,"H. M. Hudson and R. S. Larkin. Accelerated image reconstruction using ordered subsets of projection data. IEEE Trans. Med. Imag., 20:601-609, 1994."
27,3,"A. C. Kak and M. Slaney. Principles of Computerized Tomographic Imaging. IEEE Press, N. York, NY, 1999 (Electronic Copy)."
28,3,"A. Nedić and D. P. Bertsekas. Incremental subgradient methods for nondifferentiable optimization. SIAM J. Optim., 12:109-138, 2001."
29,3,"Y. Vardi, L. A. Shepp, and L. Kaufman. A statistical model for positron emission tomography. Journal of the American Statistical Association, 80(389):8-20, March 1985."
30,4,"A. Del Bimbo. Visual Information Retrieval, Morgan Kaufmann, San Francisco, USA, 1999."
31,4,"J. Hamou. Hysteroscopy and Microcolpohysteroscopy, Text and Atlas. Appleton and Lange, USA, 1991."
32,4,"C. Huang and B. Liao. A robust scene-change detection method for video segmentation. IEEE Trans. Circuits Syst. Video Technol., 11(12):1281-1288, dec 2001."
33,4,"Y. Li, S. Narayanan, and C. Jay Kuo. Content-based movie analysis and indexing based on audiovisual cues. IEEE Trans. Circuits Syst. Video Technol., 14(8): 1073-1085, Aug 2004."
34,4,"T. Liu, H. Zhang, and F. Qi. A novel video key-frame-extraction algorithm based on perceived motion energy model. IEEE Trans. Circuits Syst. Video Technol., 13(10): 1006-1013, Aug 2003."
35,4,"P. Mulhem, G. Gensel, and H. Martin. Adaptive Video Summarization, chapter 11, pages 279-298. in Handbook on Video Databases, CRC Press, 2003."
36,4,"Y. Rubner, J. Puzicha, C. Tomasi, and J. M. Buhmann. Empirical evaluation of dissimilarity measures for color and texture. Computer Vision and Image Understanding, 84(1):25-43, Oct 2001."
37,4,"N. Vasconcelos and A. Lippman. Statistical models of video structure for content analysis and characterization. IEEE Trans, on Image Processing, 9(1):3-19, 2000."
38,4,"A. Del Bimbo. Visual Information Retrieval, Morgan Kaufmann, San Francisco, USA, 1999."
39,4,"J. Hamou. Hysteroscopy and Microcolpohysteroscopy, Text and Atlas. Appleton and Lange, USA, 1991."
40,4,"C. Huang and B. Liao. A robust scene-change detection method for video segmentation. IEEE Trans. Circuits Syst. Video Technol., 11(12):1281-1288, dec 2001."
41,4,"Y. Li, S. Narayanan, and C. Jay Kuo. Content-based movie analysis and indexing based on audiovisual cues. IEEE Trans. Circuits Syst. Video Technol., 14(8): 1073-1085, Aug 2004."
42,4,"T. Liu, H. Zhang, and F. Qi. A novel video key-frame-extraction algorithm based on perceived motion energy model. IEEE Trans. Circuits Syst. Video Technol., 13(10): 1006-1013, Aug 2003."
43,4,"P. Mulhem, G. Gensel, and H. Martin. Adaptive Video Summarization, chapter 11, pages 279-298. in Handbook on Video Databases, CRC Press, 2003."
44,4,"Y. Rubner, J. Puzicha, C. Tomasi, and J. M. Buhmann. Empirical evaluation of dissimilarity measures for color and texture. Computer Vision and Image Understanding, 84(1):25-43, Oct 2001."
45,4,"N. Vasconcelos and A. Lippman. Statistical models of video structure for content analysis and characterization. IEEE Trans, on Image Processing, 9(1):3-19, 2000."
46,5,"R. Bajcsy and S. Kovacic. Multiresolution elastic matching. Computer Vision, Graphics and Image Processing, 46:1-21, 1989."
47,5,"G. Christensen, R. Rabbitt, and M. Miller. Deformable templates using large deformation kinematics. IEEE Transactions on Image Processing, 5(10):1435-1447, 1996."
48,5,"T. Cootes, A. Hill, C. J. Taylor, and J. Haslam. Use of active shape models for locating structures in medical images. Image and Vision Computing, 12(6):355-365, 1994."
49,5,"C. Davatzikos and J. Prince. An active contour model for mapping the cortex. IEEE Transactions on Medical Imaging, 14:65-80, 1995."
50,5,"V. H. Denenberg, A. Kertesz, and P. E. Cowell. A factor analysis of the humans corpus callosum. Brain Research, 548:126-132, 1991."
51,5,"N. Duta and M. Sonka. Segmentation and interpretation of mr brain images: An improved active shape model. IEEE Transactions on Medical Imaging, 17(6): 1049-1062, 1995."
52,5,"A. Evans, D. Collins, E. Brown, R. Kelly, and T. Petters. A 3D statistical neuroanatomical models for 305 MRI volumes. In IEEE Nuclear Science Symposium/Medical Imaging Conference, pages 1813-1817, 1993."
53,5,"R. Frackowiak, K. Friston, C. Frith, R. Dolan, and J. Mazziotta. Human Brain Function. Academic press, San Diego, 1997."
54,5,"J. C. Gee. On matching brain volumes. Pattern Recognition, 32:99-111, 1999."
55,5,"M. Grossman, C. McMillan, P. Moore, L. Ding, G. Glosser, M. Work, and J. Gee. Whats in a name: voxel-based morphometric analyses of MRI and naming difficulty in alzheimers disease, frontotemporal dementia and corticobasal degeneration. Brain, 127:1-22, 2004."
56,5,"H. Harman. Modern Factor Analysis. University of Chicago Press, Chicago, 1976."
57,5,"K. Jöreskog. Some contributions to maximum likelihood factor analysis. Psychometrika, 32:443-482, 1967."
58,5,"K. Jöreskog and A. S. Goldberger. Factor analysis by generalized least squares. Psychometrika, 37:243-260, 1968."
59,5,"K. Jöreskog and D. N. Lawley. New metrods in maximum likelihood factor analysis. British Journal of Mathematical and Statistical Psychology, 21:85-96, 1968."
60,5,"D. N. lawley. The estimation of factor loadings by the method of maximum likelihood. Proceedings of the Royal Society of Edinburgh, 60:64-82, 1940."
61,5,"A. Machado, J. C. Gee, and M. Campos. Exploratory factor analysis in morphometry. Lecture Notes in Computer Science, 1679:378-385, 1999."
62,5,"A. Machado, J. C. Gee, and M. Campos. Structural shape characterization via exploratory factor analysis. Artificial Intelligence in Medicine, 30:97-118, 2004."
63,5,"A. Machado, J. C. Gee, and M. Campos. Visual data mining for modeling prior distributions in morphometry. IEEE Signal Processing Magazine, 21(3):20-27, 2004."
64,5,"L. Marcus. Traditional Morphometrics. In F. J. Rohlf and F. L. Bookstein, editors, Proceedings of the Michigan Morphometrics Workshop, pages 77-122, Ann Arbor, 1990. The University of Michigan Museum of Zoology."
65,5,"A. Rencher. Methods of Multivariate Analysis. John Wiley Sons, New York, 1995."
66,5,"R. Reyment and K., Jöreskog. Applied Factor Analysis in the Natural Sciences. Cambridge University Press, Cambridge, 1996."
67,5,"S. Roweis and Z. Ghahramani. A unifying review of linear gaussian models. Neural Computation, 11(2):305-345, 1999."
68,5,"S. Sclaroff and A. Pentland. Modal matching for correspondence and recognition. IEEE Transactions on Pattern Analysis and Machine Intelligence, 17(6):545-561, 1995."
69,5,"J. L. Stievenart, M. T. Iba-Zizen, A. Tourbah, A. Lopez, M. Thibierge, A. Abanou, and A. Canabis. Minimal surface: A useful paradigm to describe the deeper part of the corpus callosum? Brain Research Bulletin, 44(2): 117-124, 1997."
70,5,"P. M. Thompson, J. Moussai, S. Zohoori, A. Goldkom, A. Khan, M. S. Mega, G. Small, J. Cummings, and A. W. Toga. Cortical variability and assymetry in normal aging and Alzheimers disease. Cerebral. Cortex, 8:492-509, 1998."
71,5,"G. H. Thomson. Hotellings method modified to give Spearmans g. Journal of Educational Psychology, 25:366-374, 1934."
72,5,"R. Bajcsy and S. Kovacic. Multiresolution elastic matching. Computer Vision, Graphics and Image Processing, 46:1-21, 1989."
73,5,"G. Christensen, R. Rabbitt, and M. Miller. Deformable templates using large deformation kinematics. IEEE Transactions on Image Processing, 5(10):1435-1447, 1996."
74,5,"T. Cootes, A. Hill, C. J. Taylor, and J. Haslam. Use of active shape models for locating structures in medical images. Image and Vision Computing, 12(6):355-365, 1994."
75,5,"C. Davatzikos and J. Prince. An active contour model for mapping the cortex. IEEE Transactions on Medical Imaging, 14:65-80, 1995."
76,5,"V. H. Denenberg, A. Kertesz, and P. E. Cowell. A factor analysis of the humans corpus callosum. Brain Research, 548:126-132, 1991."
77,5,"N. Duta and M. Sonka. Segmentation and interpretation of mr brain images: An improved active shape model. IEEE Transactions on Medical Imaging, 17(6): 1049-1062, 1995."
78,5,"A. Evans, D. Collins, E. Brown, R. Kelly, and T. Petters. A 3D statistical neuroanatomical models for 305 MRI volumes. In IEEE Nuclear Science Symposium/Medical Imaging Conference, pages 1813-1817, 1993."
79,5,"R. Frackowiak, K. Friston, C. Frith, R. Dolan, and J. Mazziotta. Human Brain Function. Academic press, San Diego, 1997."
80,5,"J. C. Gee. On matching brain volumes. Pattern Recognition, 32:99-111, 1999."
81,5,"M. Grossman, C. McMillan, P. Moore, L. Ding, G. Glosser, M. Work, and J. Gee. Whats in a name: voxel-based morphometric analyses of MRI and naming difficulty in alzheimers disease, frontotemporal dementia and corticobasal degeneration. Brain, 127:1-22, 2004."
82,5,"H. Harman. Modern Factor Analysis. University of Chicago Press, Chicago, 1976."
83,5,"K. Jöreskog. Some contributions to maximum likelihood factor analysis. Psychometrika, 32:443-482, 1967."
84,5,"K. Jöreskog and A. S. Goldberger. Factor analysis by generalized least squares. Psychometrika, 37:243-260, 1968."
85,5,"K. Jöreskog and D. N. Lawley. New metrods in maximum likelihood factor analysis. British Journal of Mathematical and Statistical Psychology, 21:85-96, 1968."
86,5,"D. N. lawley. The estimation of factor loadings by the method of maximum likelihood. Proceedings of the Royal Society of Edinburgh, 60:64-82, 1940."
87,5,"A. Machado, J. C. Gee, and M. Campos. Exploratory factor analysis in morphometry. Lecture Notes in Computer Science, 1679:378-385, 1999."
88,5,"A. Machado, J. C. Gee, and M. Campos. Structural shape characterization via exploratory factor analysis. Artificial Intelligence in Medicine, 30:97-118, 2004."
89,5,"A. Machado, J. C. Gee, and M. Campos. Visual data mining for modeling prior distributions in morphometry. IEEE Signal Processing Magazine, 21(3):20-27, 2004."
90,5,"L. Marcus. Traditional Morphometrics. In F. J. Rohlf and F. L. Bookstein, editors, Proceedings of the Michigan Morphometrics Workshop, pages 77-122, Ann Arbor, 1990. The University of Michigan Museum of Zoology."
91,5,"A. Rencher. Methods of Multivariate Analysis. John Wiley Sons, New York, 1995."
92,5,"R. Reyment and K., Jöreskog. Applied Factor Analysis in the Natural Sciences. Cambridge University Press, Cambridge, 1996."
93,5,"S. Roweis and Z. Ghahramani. A unifying review of linear gaussian models. Neural Computation, 11(2):305-345, 1999."
94,5,"S. Sclaroff and A. Pentland. Modal matching for correspondence and recognition. IEEE Transactions on Pattern Analysis and Machine Intelligence, 17(6):545-561, 1995."
95,5,"J. L. Stievenart, M. T. Iba-Zizen, A. Tourbah, A. Lopez, M. Thibierge, A. Abanou, and A. Canabis. Minimal surface: A useful paradigm to describe the deeper part of the corpus callosum? Brain Research Bulletin, 44(2): 117-124, 1997."
96,5,"P. M. Thompson, J. Moussai, S. Zohoori, A. Goldkom, A. Khan, M. S. Mega, G. Small, J. Cummings, and A. W. Toga. Cortical variability and assymetry in normal aging and Alzheimers disease. Cerebral. Cortex, 8:492-509, 1998."
97,5,"G. H. Thomson. Hotellings method modified to give Spearmans g. Journal of Educational Psychology, 25:366-374, 1934."
98,6,"A. Amir, D. Koons, M. Flickner, and C. Morimoto. Method and apparatus for determining eye contact. IBM Docket no. AM9-98-137 (patente requerida), December 1998."
99,6,"W. W. Boles and B. Boashash. A human identification technique using images of the iris and wavelet transform. IEEE Transactions on Signal Processing, 46(4): 1185-1198, April 1998."
100,6,"J. Daugman. High confidence visual recognition of persons by a test of statistical independence. IEEE Transactions on Pattern Analysis and Machine Intelligence, 15(11): 1148-1161, November 1993."
101,6,"Y. Ebisawa and S. Satoh. Effectiveness of pupil area detection technique using two light sources and image difference method. In A. Szeto and R. Rangayan, editors, Proceedings of the 15th Annual. Int. Conf. of the IEEE Eng. in Medicine and Biology Society, pages 1268-1269, San Diego, CA, 1993."
102,6,"R. Kothari and J. Mitchell. Detection of eye locations in unconstrained visual images. In International Conference on Image Processing, volume I, pages 519-522, Lausanne, Switzerland, September 1996."
103,6,"L.Flom and A. Safir. Iris recognition system. U.S. patent 4641394, 1987."
104,6,"C. Morimoto, D. Koons, A. Amir, and M. Flickner. Pupil detection and tracking using multiple light sources. Image and Vision Computing, 18(4):331-336, March 2000."
105,6,"A. Tomono, M. Iida, and Y. Kobayashi. A tv camera system which extracts feature points for non-contact eye movement detection. In Proceedings of the SPIE Optics, Illumination, and Image Sensing for Machine Vision TV, volume 1194, pages 2-12, 1989."
106,6,"R. Wildes, J. C. Asmuth, G. L. Green, S. C. Hsu, R. J. Kolczynski, J. R. Matey, and S. E. McBride. A system for automated iris recognition. In IEEE Workshop on Applications of Computer Vision, pages 121-128, 1994."
107,6,"G. Wyszecki and W. Stiles. Color Science: Concepts and Methods, Quantitative Data and Formulae. John Wiley & Sons, New York, 1982."
108,6,"A. Yiulle, P. Hallinan, and D. Cohen. Feature extraction from faces using deformable templates. International Journal of Computer Vision, 8(2):99-111, April 1992."
109,6,"Y. Zhu, T. Tan, and Y. Wang. Biometric personal identification based on iris patterns. In ICPR00, volume II, pages 805-808, 2000."
110,6,"A. Amir, D. Koons, M. Flickner, and C. Morimoto. Method and apparatus for determining eye contact. IBM Docket no. AM9-98-137 (patente requerida), December 1998."
111,6,"W. W. Boles and B. Boashash. A human identification technique using images of the iris and wavelet transform. IEEE Transactions on Signal Processing, 46(4): 1185-1198, April 1998."
112,6,"J. Daugman. High confidence visual recognition of persons by a test of statistical independence. IEEE Transactions on Pattern Analysis and Machine Intelligence, 15(11): 1148-1161, November 1993."
113,6,"Y. Ebisawa and S. Satoh. Effectiveness of pupil area detection technique using two light sources and image difference method. In A. Szeto and R. Rangayan, editors, Proceedings of the 15th Annual. Int. Conf. of the IEEE Eng. in Medicine and Biology Society, pages 1268-1269, San Diego, CA, 1993."
114,6,"R. Kothari and J. Mitchell. Detection of eye locations in unconstrained visual images. In International Conference on Image Processing, volume I, pages 519-522, Lausanne, Switzerland, September 1996."
115,6,"L.Flom and A. Safir. Iris recognition system. U.S. patent 4641394, 1987."
116,6,"C. Morimoto, D. Koons, A. Amir, and M. Flickner. Pupil detection and tracking using multiple light sources. Image and Vision Computing, 18(4):331-336, March 2000."
117,6,"A. Tomono, M. Iida, and Y. Kobayashi. A tv camera system which extracts feature points for non-contact eye movement detection. In Proceedings of the SPIE Optics, Illumination, and Image Sensing for Machine Vision TV, volume 1194, pages 2-12, 1989."
118,6,"R. Wildes, J. C. Asmuth, G. L. Green, S. C. Hsu, R. J. Kolczynski, J. R. Matey, and S. E. McBride. A system for automated iris recognition. In IEEE Workshop on Applications of Computer Vision, pages 121-128, 1994."
119,6,"G. Wyszecki and W. Stiles. Color Science: Concepts and Methods, Quantitative Data and Formulae. John Wiley & Sons, New York, 1982."
120,6,"A. Yiulle, P. Hallinan, and D. Cohen. Feature extraction from faces using deformable templates. International Journal of Computer Vision, 8(2):99-111, April 1992."
121,6,"Y. Zhu, T. Tan, and Y. Wang. Biometric personal identification based on iris patterns. In ICPR00, volume II, pages 805-808, 2000."
122,7,"N. Amenta, S. Choi, and R. Kolluri. The power crust, unions of balls, and the medial axis transform. Computational Geometry: Theory and Applications, 19(2-3):127-153, 2001."
123,7,"N. Amenta and R. Kolluri. The Medial Axis of Unions of Balls. Computational Geometry: Theory and Applications, 20(1-2):25-37, 2001."
124,7,"M. Craizer, S. Pesco, and R. C. Teixeira. A Numerical Scheme for the Curvature Equation Near the Singularities. J. of Mathematical Imaging and Vision, 22(1):89-95, 2005."
125,7,"H. Edelsbrunner. Weighted Alpha-Shapes. Technical Report 1760, University of Illinois, 1992."
126,7,"C. O. L. Ferreira. Evolution of union of balls from medial axis. Master's thesis, Math Department, PUC-Rio, 2005."
127,7,"K. Hildebrandt and K. Polthier. Anisotropic Filtering of Non-Linear Surface Features. Computer Graphics Forum, 23(3), 2004."
128,7,"B. B. Kimia and S. W. Zucker. Shapes, Shocks and Deformations, I: The Components of Shape and the Reaction-Diffusion Space. Computer Vision, 15:189-224, 1995."
129,7,"T. Lewiner, J. Gomes Jr, H. Lopes, and M. Craizer. Curvature and Torsion Estimators based on Parametric Curve Fitting. Computers & Graphics, 2005."
130,7,"F. Cao and L. Moisan. Geometric computation of curvature driven plane curve evolution. SIAM J. of Numerical Analysis, 3(2):624-646, 2001."
131,7,"F. Mokhtarian and A. K. Mackworth. A theory for multiscale, curvature based shape representation for planar curves. Transactions on Pattern Analysis and Machine Intelligence, 14:789-805, 1992."
132,7,"G. Sapiro and A. Tannenbaum. Area and Length Preserving Geometric Invariant Scale-Spaces. Transactions on Pattern Analysis and Machine Intelligence, 17:67-72, 1995."
133,7,"J. A. Sethian. Fast Marching Methods and Level Set Methods. Cambridge University Press, 1999."
134,7,"R. C. Teixeira. Medial Axes and Mean Curvature Motion I: Regular Points. J. of Mathematical Communication and Image Representation, 13:135-155, 2002."
135,7,"R. C. Teixeira. Medial Axes and Mean Curvature Motion II: Singularities. J. of Mathematical Imaging and Vision, 2005."
136,7,"N. Amenta, S. Choi, and R. Kolluri. The power crust, unions of balls, and the medial axis transform. Computational Geometry: Theory and Applications, 19(2-3):127-153, 2001."
137,7,"N. Amenta and R. Kolluri. The Medial Axis of Unions of Balls. Computational Geometry: Theory and Applications, 20(1-2):25-37, 2001."
138,7,"M. Craizer, S. Pesco, and R. C. Teixeira. A Numerical Scheme for the Curvature Equation Near the Singularities. J. of Mathematical Imaging and Vision, 22(1):89-95, 2005."
139,7,"H. Edelsbrunner. Weighted Alpha-Shapes. Technical Report 1760, University of Illinois, 1992."
140,7,"C. O. L. Ferreira. Evolution of union of balls from medial axis. Master's thesis, Math Department, PUC-Rio, 2005."
141,7,"K. Hildebrandt and K. Polthier. Anisotropic Filtering of Non-Linear Surface Features. Computer Graphics Forum, 23(3), 2004."
142,7,"B. B. Kimia and S. W. Zucker. Shapes, Shocks and Deformations, I: The Components of Shape and the Reaction-Diffusion Space. Computer Vision, 15:189-224, 1995."
143,7,"T. Lewiner, J. Gomes Jr, H. Lopes, and M. Craizer. Curvature and Torsion Estimators based on Parametric Curve Fitting. Computers & Graphics, 2005."
144,7,"F. Cao and L. Moisan. Geometric computation of curvature driven plane curve evolution. SIAM J. of Numerical Analysis, 3(2):624-646, 2001."
145,7,"F. Mokhtarian and A. K. Mackworth. A theory for multiscale, curvature based shape representation for planar curves. Transactions on Pattern Analysis and Machine Intelligence, 14:789-805, 1992."
146,7,"G. Sapiro and A. Tannenbaum. Area and Length Preserving Geometric Invariant Scale-Spaces. Transactions on Pattern Analysis and Machine Intelligence, 17:67-72, 1995."
147,7,"J. A. Sethian. Fast Marching Methods and Level Set Methods. Cambridge University Press, 1999."
148,7,"R. C. Teixeira. Medial Axes and Mean Curvature Motion I: Regular Points. J. of Mathematical Communication and Image Representation, 13:135-155, 2002."
149,7,"R. C. Teixeira. Medial Axes and Mean Curvature Motion II: Singularities. J. of Mathematical Imaging and Vision, 2005."
150,8,"R. Audigier, R. Lotufo, and M. Couprie. The tie-zone watershed: Definition, algorithm and applications. In IEEE Proceedings of ICIP05, Genova, Italy, Sept. 2005. In press."
151,8,"S. Beucher and C. Lantuéjoul. Use of watersheds in contour detection. In International Workshop on Image Processing, Real-Time Edge and Motion Detection/Estimation, Rennes, France, 1979."
152,8,"M. Couprie and G. Bertrand. Topological grayscale watershed transformation. In SPIE Vision Geometry VI Proceedings, volume 3168, pages 136-146, 1997."
153,8,"E. Dijkstra. A note on two problems in connexion with graphs. Numerische Mathematik, 1959."
154,8,"A. Falcão, B. da Cunha, and R. Lotufo. Design of connected operators using the image foresting transform. SPIE on Medical Imaging, 4322:468-479, Feb. 17-23 2001."
155,8,"A. Falcão, J. Stolfi, and R. Lotufo. The image foresting transform: Theory, algorithms, and applications. IEEE Trans. on Pattern Analysis and Machine Intelligence, 26(1): 19-29, Jan. 2004."
156,8,"R. Lotufo and A. Falcão. The ordered queue and the optimality of the watershed approaches. In 5th International Symposium on Mathematical Morphology, pages 341-350, Palo Alto (CA), USA, June 2000. Kluwer Academic."
157,8,"R. Lotufo, A. Falcão, and F. Zampirolli. IFT-watershed from gray-scale marker. In Proceedings of the 15th Brazilian Symposium on Computer Graphics and Image Processing, pages 146-152, Fortaleza (CE), Brazil, October 2002. IEEE Computer Society."
158,8,"F. Meyer. Topographic distance and watershed lines. Signal Processing, 38(1): 113-125, 1994."
159,8,"F. Meyer and S. Beucher. Morphological segmentation. Journal of Visual Communication and Image Processing, 1(1):21-46, 1990."
160,8,"L. Najman and M. Couprie. Watershed algorithms and contrast preservation. In Discrete geometry for computer imagery, volume 2886 of Lecture Notes in Computer Science, pages 62-71. Springer, 2003."
161,8,"J. Roerdink and A. Meijster. The watershed transform: Definitions, algorithms and parallelization strategies. Fundamenta Informaticae, 41(1-2): 187-228, January 2000."
162,8,"L. Vincent and P. Soille. Watersheds in digital spaces: An efficient algorithm based on immersion simulations. IEEE Trans, on Pattern Analysis and Machine Intelligence, 13(6):583-598, 1991."
163,8,"R. Audigier, R. Lotufo, and M. Couprie. The tie-zone watershed: Definition, algorithm and applications. In IEEE Proceedings of ICIP05, Genova, Italy, Sept. 2005. In press."
164,8,"S. Beucher and C. Lantuéjoul. Use of watersheds in contour detection. In International Workshop on Image Processing, Real-Time Edge and Motion Detection/Estimation, Rennes, France, 1979."
165,8,"M. Couprie and G. Bertrand. Topological grayscale watershed transformation. In SPIE Vision Geometry VI Proceedings, volume 3168, pages 136-146, 1997."
166,8,"E. Dijkstra. A note on two problems in connexion with graphs. Numerische Mathematik, 1959."
167,8,"A. Falcão, B. da Cunha, and R. Lotufo. Design of connected operators using the image foresting transform. SPIE on Medical Imaging, 4322:468-479, Feb. 17-23 2001."
168,8,"A. Falcão, J. Stolfi, and R. Lotufo. The image foresting transform: Theory, algorithms, and applications. IEEE Trans. on Pattern Analysis and Machine Intelligence, 26(1): 19-29, Jan. 2004."
169,8,"R. Lotufo and A. Falcão. The ordered queue and the optimality of the watershed approaches. In 5th International Symposium on Mathematical Morphology, pages 341-350, Palo Alto (CA), USA, June 2000. Kluwer Academic."
170,8,"R. Lotufo, A. Falcão, and F. Zampirolli. IFT-watershed from gray-scale marker. In Proceedings of the 15th Brazilian Symposium on Computer Graphics and Image Processing, pages 146-152, Fortaleza (CE), Brazil, October 2002. IEEE Computer Society."
171,8,"F. Meyer. Topographic distance and watershed lines. Signal Processing, 38(1): 113-125, 1994."
172,8,"F. Meyer and S. Beucher. Morphological segmentation. Journal of Visual Communication and Image Processing, 1(1):21-46, 1990."
173,8,"L. Najman and M. Couprie. Watershed algorithms and contrast preservation. In Discrete geometry for computer imagery, volume 2886 of Lecture Notes in Computer Science, pages 62-71. Springer, 2003."
174,8,"J. Roerdink and A. Meijster. The watershed transform: Definitions, algorithms and parallelization strategies. Fundamenta Informaticae, 41(1-2): 187-228, January 2000."
175,8,"L. Vincent and P. Soille. Watersheds in digital spaces: An efficient algorithm based on immersion simulations. IEEE Trans, on Pattern Analysis and Machine Intelligence, 13(6):583-598, 1991."
176,9,"J. Barrera, E. R. Dougherty, and N. S. Tomita. Automatic Programming of Binary Morphological Machines by Design of Statistically Optimal Operators in the Context of Computational Learning Theory. Electronic Imaging, 6(1):54-67, January 1997."
177,9,"J. Barrera, R. Terada, R. Hirata Jr, and N. S. T. Hirata. Automatic Programming of Morphological Machines by PAC Learning. Fundamenta Informaticae, 41(1-2):229-258, January 2000."
178,9,"N. S. T. Hirata, E. R. Dougherty, and J. Barrera. Iterative Design of Morphological Binary Image Operators. Optical Engineering, 39(12):3106-3123, December 2000."
179,9,"A. K. Jain, R. P. Duin, and J. Mao. Statistical Pattern Recognition: A Review. IEEE Transactions on Pattern Analysis and Machine Intelligence, 22(1), January 2000."
180,9,"J. P. Roth and R. M. Karp. Minimization over boolean graphs. IBM Journal of Research and Development, 6(2):227-238, 1962."
181,9,"O. V. Sarca, E. Dougherty, and J. T. Astola. Two-stage Binary Filters. Electronic Imaging, 8(3):219-232, July 1999."
182,9,"D. H. Wolpert. Stacked generalization. Neural Networks, 5:241-259, 1992."
183,9,"J. Barrera, E. R. Dougherty, and N. S. Tomita. Automatic Programming of Binary Morphological Machines by Design of Statistically Optimal Operators in the Context of Computational Learning Theory. Electronic Imaging, 6(1):54-67, January 1997."
184,9,"J. Barrera, R. Terada, R. Hirata Jr, and N. S. T. Hirata. Automatic Programming of Morphological Machines by PAC Learning. Fundamenta Informaticae, 41(1-2):229-258, January 2000."
185,9,"N. S. T. Hirata, E. R. Dougherty, and J. Barrera. Iterative Design of Morphological Binary Image Operators. Optical Engineering, 39(12):3106-3123, December 2000."
186,9,"A. K. Jain, R. P. Duin, and J. Mao. Statistical Pattern Recognition: A Review. IEEE Transactions on Pattern Analysis and Machine Intelligence, 22(1), January 2000."
187,9,"J. P. Roth and R. M. Karp. Minimization over boolean graphs. IBM Journal of Research and Development, 6(2):227-238, 1962."
188,9,"O. V. Sarca, E. Dougherty, and J. T. Astola. Two-stage Binary Filters. Electronic Imaging, 8(3):219-232, July 1999."
189,9,"D. H. Wolpert. Stacked generalization. Neural Networks, 5:241-259, 1992."
190,10,"J. Barrera, E. R. Dougherty, and N. S. Tomita. Automatic Programming of Binary Morphological Machines by Design of Statistically Optimal Operators in the Context of Computational Learning Theory. Electronic Imaging, 6(1):54-67, January 1997."
191,10,"J. Barrera and G. P. Salas. Set Operations on Closed Intervals and Their Applications to the Automatic Programming of Morphological Machines. Electronic Imaging, 5(3):335-352, July 1996."
192,10,"J. Barrera, R. Terada, F. S. C. da Silva, and N. S. Tomita. Automatic Programming of Morphological Machines for OCR. In Mathematical Morphology and its Applications to Image and Signal Processing, pages 385-392, Atlanta, GA, May 1996. International Symposium on Mathematical Morphology, Kluwer Academic Publishers."
193,10,"P. J. Burt and E. H. Adelson. The Laplacian Pyramid as a Compact Image Code. IEEE Transactions on Communications, COM-31(4):532-540, April 1983."
194,10,"E. R. Dougherty. Random Processes for Image and Signal Processing. SPIE and IEEE Presses, Bellingham, 1999."
195,10,"E. R. Dougherty, J. Barrera, G. Mozelle, S. Kim, and M. Brun. Multiresolution Analysis for Optimal Binary Filters. Journal of Mathematical Imaging and Vision, (14):53-72, 2001."
196,10,"R. O. Duda, P. E. Hart, and D. G. Stork. Pattern Classification. John Wiley and Sons, 2001."
197,10,"J. Goutsias and H. Heijmans. Nonlinear multiresolution signal decomposition schemes. I. Morphological pyramids. IEEE Transactions on Image Processing, 9(11): 1862-1876, November 2000."
198,10,"J. Goutsias and H. J. A. M. Heijmans. Multiresolution Signal Decomposition Schemes. Part 1: Linear and Morphological Pyramids. Technical Report PNA-R9810, CWI, October 1998."
199,10,"H. J. A. M. Heijmans and J. Goutsias. Morphological Pyramids and Wavelets Based on the Quincunx Lattice. In Proceedings of the 5th International Symposium on Mathematical Morphology and Its Applications to Image and Signal Processing - ISMM'2000, Palo Alto, June 2000."
200,10,"R. Hirata Jr., M. Brun, J. Barrera, and E. R. Dougherty. Multiresolution Design of Aperture Operators. Journal of Mathematical Imaging and Vision, 16(3): 199-222, 2002."
201,10,"R. Hirata Jr., E. R. Dougherty, and J. Barrera. Aperture Filters. Signal Processing, 80(4): 697-721, April 2000."
202,10,"D. J. C. MacKay. Information Theory, Inference, and Learning Algorithms. Cambridge University Press, 2003."
203,10,"C. E. Shannon. A Mathematical Theory of Communication. Bell System Technical Journal, 27:379-423, 623-656, July, October 1948."
204,10,"J. Barrera, E. R. Dougherty, and N. S. Tomita. Automatic Programming of Binary Morphological Machines by Design of Statistically Optimal Operators in the Context of Computational Learning Theory. Electronic Imaging, 6(1):54-67, January 1997."
205,10,"J. Barrera and G. P. Salas. Set Operations on Closed Intervals and Their Applications to the Automatic Programming of Morphological Machines. Electronic Imaging, 5(3):335-352, July 1996."
206,10,"J. Barrera, R. Terada, F. S. C. da Silva, and N. S. Tomita. Automatic Programming of Morphological Machines for OCR. In Mathematical Morphology and its Applications to Image and Signal Processing, pages 385-392, Atlanta, GA, May 1996. International Symposium on Mathematical Morphology, Kluwer Academic Publishers."
207,10,"P. J. Burt and E. H. Adelson. The Laplacian Pyramid as a Compact Image Code. IEEE Transactions on Communications, COM-31(4):532-540, April 1983."
208,10,"E. R. Dougherty. Random Processes for Image and Signal Processing. SPIE and IEEE Presses, Bellingham, 1999."
209,10,"E. R. Dougherty, J. Barrera, G. Mozelle, S. Kim, and M. Brun. Multiresolution Analysis for Optimal Binary Filters. Journal of Mathematical Imaging and Vision, (14):53-72, 2001."
210,10,"R. O. Duda, P. E. Hart, and D. G. Stork. Pattern Classification. John Wiley and Sons, 2001."
211,10,"J. Goutsias and H. Heijmans. Nonlinear multiresolution signal decomposition schemes. I. Morphological pyramids. IEEE Transactions on Image Processing, 9(11): 1862-1876, November 2000."
212,10,"J. Goutsias and H. J. A. M. Heijmans. Multiresolution Signal Decomposition Schemes. Part 1: Linear and Morphological Pyramids. Technical Report PNA-R9810, CWI, October 1998."
213,10,"H. J. A. M. Heijmans and J. Goutsias. Morphological Pyramids and Wavelets Based on the Quincunx Lattice. In Proceedings of the 5th International Symposium on Mathematical Morphology and Its Applications to Image and Signal Processing - ISMM'2000, Palo Alto, June 2000."
214,10,"R. Hirata Jr., M. Brun, J. Barrera, and E. R. Dougherty. Multiresolution Design of Aperture Operators. Journal of Mathematical Imaging and Vision, 16(3): 199-222, 2002."
215,10,"R. Hirata Jr., E. R. Dougherty, and J. Barrera. Aperture Filters. Signal Processing, 80(4): 697-721, April 2000."
216,10,"D. J. C. MacKay. Information Theory, Inference, and Learning Algorithms. Cambridge University Press, 2003."
217,10,"C. E. Shannon. A Mathematical Theory of Communication. Bell System Technical Journal, 27:379-423, 623-656, July, October 1948."
218,11,"B. D. Baets, E. Kerre, and M. Gupta. The fundamentals of fuzzy mathematical morphology, part 1: basic concepts. International Journal of General Systems, 23:155-171, 1994."
219,11,"W. Bandler and L. Kohout. Fuzzy power sets and fuzzy implication operators. Fuzzy Sets and Systems, 4(1): 13-30, July 1980."
220,11,"G. Banon. Characterization of translation-invariant elementary morphological operators for gray-level morphology. In Neural, Morphological, and Stochastic Methods in Image and Signal Processing, volume 2568 of Proceedings of SPIE, pages 68-79, San Diego, CA, July 1995."
221,11,"G. J. F. Banon. Characterization of translation-invariant elementary morphological operators between gray-level images. Technical report, INPE, São José dos Campos, 1995. Available at: http://iris.sid.inpe.br: 1912/rep-/dpi.inpe.br/banon/1995/10.20.17.45."
222,11,"G. Birkhoff. Lattice Theory. American Mathematical Society, Providence, 3 edition, 1993."
223,11,"I. Bloch and H. Maitre. Fuzzy mathematical morphologies: acomparative study. Pattern Recognition, 28(9):1341-1387, 1995."
224,11,"T. Deng and H. Heijmans. Grey-scale morphology based on fuzzy logic. Journal of Mathematical Imaging and Vision, 16(2): 155-171, Mar. 2002."
225,11,"H. Hadwiger. Vorlesungen Über Inhalt, Oberfläche und Isoperimetrie. Springer-Verlag, Berlin, 1957."
226,11,"H. Heijmans. Morphological Image Operators. Academic Press, New York, NY, 1994."
227,11,"L. Kitainik. Fuzzy Decision Procedures with Binary Relations. Kluwer Academic Publishers, 1993."
228,11,"G. Matheron. Random Sets and Integral Geometry. Wiley, New York, 1975."
229,11,"H. Minkowski. Gesammelte Abhandlungen. Teubner Verlag, Leipzig-Berlin, 1911."
230,11,"M. Nachtegael and E. Kerre. Connections between binary, gray-scale and fuzzy mathematical morphologies. Fuzzy Sets and Systems, 124(l):73-85, Nov. 2001."
231,11,"C. Ronse. Why mathematical morphology needs complete lattices. Signal Processing, 21(2): 129-154, Oct. 1990."
232,11,"J. Serra. Image Analysis and Mathematical Morphology. Academic Press, London, 1982."
233,11,"J. Serra. Image Analysis and Mathematical Morphology, Volume 2: Theoretical Advances. Academic Press, New York, 1988."
234,11,"S. Sinha and E. R. Dougherty. A general axiomatic theory of intrinsically fuzzy mathematical morphologies. IEEE Transactions on Fuzzy Systems, 3(4):389-403, November 1995."
235,11,"S. Sternberg. Parallel architecture for image processing. In Proceedings of the Third International IEEE Compsac, Chicago, 1979."
236,11,"S. Sternberg. Biomedical image processing. Computer, 16(1), Jan. 1983."
237,11,"L. A. Zadeh. Fuzzy sets. Information and Control, 8(3):338-353, 1965."
238,11,"B. D. Baets, E. Kerre, and M. Gupta. The fundamentals of fuzzy mathematical morphology, part 1: basic concepts. International Journal of General Systems, 23:155-171, 1994."
239,11,"W. Bandler and L. Kohout. Fuzzy power sets and fuzzy implication operators. Fuzzy Sets and Systems, 4(1): 13-30, July 1980."
240,11,"G. Banon. Characterization of translation-invariant elementary morphological operators for gray-level morphology. In Neural, Morphological, and Stochastic Methods in Image and Signal Processing, volume 2568 of Proceedings of SPIE, pages 68-79, San Diego, CA, July 1995."
241,11,"G. J. F. Banon. Characterization of translation-invariant elementary morphological operators between gray-level images. Technical report, INPE, São José dos Campos, 1995. Available at: http://iris.sid.inpe.br: 1912/rep-/dpi.inpe.br/banon/1995/10.20.17.45."
242,11,"G. Birkhoff. Lattice Theory. American Mathematical Society, Providence, 3 edition, 1993."
243,11,"I. Bloch and H. Maitre. Fuzzy mathematical morphologies: acomparative study. Pattern Recognition, 28(9):1341-1387, 1995."
244,11,"T. Deng and H. Heijmans. Grey-scale morphology based on fuzzy logic. Journal of Mathematical Imaging and Vision, 16(2): 155-171, Mar. 2002."
245,11,"H. Hadwiger. Vorlesungen Über Inhalt, Oberfläche und Isoperimetrie. Springer-Verlag, Berlin, 1957."
246,11,"H. Heijmans. Morphological Image Operators. Academic Press, New York, NY, 1994."
247,11,"L. Kitainik. Fuzzy Decision Procedures with Binary Relations. Kluwer Academic Publishers, 1993."
248,11,"G. Matheron. Random Sets and Integral Geometry. Wiley, New York, 1975."
249,11,"H. Minkowski. Gesammelte Abhandlungen. Teubner Verlag, Leipzig-Berlin, 1911."
250,11,"M. Nachtegael and E. Kerre. Connections between binary, gray-scale and fuzzy mathematical morphologies. Fuzzy Sets and Systems, 124(l):73-85, Nov. 2001."
251,11,"C. Ronse. Why mathematical morphology needs complete lattices. Signal Processing, 21(2): 129-154, Oct. 1990."
252,11,"J. Serra. Image Analysis and Mathematical Morphology. Academic Press, London, 1982."
253,11,"J. Serra. Image Analysis and Mathematical Morphology, Volume 2: Theoretical Advances. Academic Press, New York, 1988."
254,11,"S. Sinha and E. R. Dougherty. A general axiomatic theory of intrinsically fuzzy mathematical morphologies. IEEE Transactions on Fuzzy Systems, 3(4):389-403, November 1995."
255,11,"S. Sternberg. Parallel architecture for image processing. In Proceedings of the Third International IEEE Compsac, Chicago, 1979."
256,11,"S. Sternberg. Biomedical image processing. Computer, 16(1), Jan. 1983."
257,11,"L. A. Zadeh. Fuzzy sets. Information and Control, 8(3):338-353, 1965."
258,12,"P. N. Belhumeur, J. P. Hespanha, and D. J. Kriegman, ""Eigenfaces vs. Fisherfaces: Recognition Using Class Specific Linear Projection"", IEEE PAMI, 19 (7), pp. 711-720, 1997."
259,12,"L. Chen, H. Liao, M. Ko, J. Lin, and G. Yu, ""A new LDA-based face recognition system which can solve the small sample size problem"", Pattern Recognition, 33 (10), pp. 1713-1726, 2000."
260,12,"P.A. Devijver and J. Kittler, Pattern Classification: A Statistical Approach. Prentice-Hall, 1982."
261,12,"J.H. Friedman, ""Reguralized Discriminant Analysis"", JASA, vol. 84, no. 405, pp. 165-175, 1989."
262,12,"K. Fukunaga, Introduction to Statistical Pattern Recognition, second edition. Academic Press, 1990."
263,12,"A. K. Jain and B. Chandrasekaran, ""Dimensionality and Sample Size Considerations in Pattern Recognition Practice"", Handbook of Statistics, 2, pp. 835-855, 1982."
264,12,"A. K. Jain, R. P. W. Duin and J. Mao, ""Statistical Pattern Recognition: A Review"", IEEE PAMI, 22 (1), 4-37, 2000."
265,12,"K. Liu et al., ""Algebraic feature extraction for image recognition based on an optimal discriminant criterion"", Pattern Recognition, 26 (6), pp. 903-911, 1993."
266,12,"W.S. Rayens, ""A Role for Covariance Stabilization in the Construction of the Classical Mixture Surface"", Journal of Chemometrics, vol. 4, pp. 159-169, 1990."
267,12,"A. Samal and P. Iyengar, ""Automatic Recognition and Analysis of Human Faces and Facial Expressions: A Survey"", Pattern Recognition, 25 (1), pp. 65-77, 1992."
268,12,"D. L. Swets and J. J. Weng, ""Using Discriminant Eigenfeatures for Image Retrieval"", IEEE PAMI, 18 (8), pp. 831-836, 1996."
269,12,"C. E. Thomaz, D. F. Gillies and R. Q. Feitosa. ""A New Covariance Estimate for Bayesian Classifiers in Biometrie Recognition"", IEEE CSVT, 14 (2), pp. 214-223, 2004."
270,12,"J. Yang and J. Yang, ""Optimal FLD algorithm for facial feature extraction"", SPIE IRCV, 4572, pp. 438-444, 2001."
271,12,"J. Yang and J. Yang, ""Why can LDA be performed in PCA transformed space? "", Pattern Recognition, vol. 36, pp. 563-566, 2003."
272,12,"H. Yu and J. Yang, ""A direct LDA algorithm for high dimensional data - with application to face recognition"", Pattern Recognition, vol. 34, pp. 2067-2070, 2001."
273,12,"W. Zhao, R. Chellappa and A. Krishnaswamy, ""Discriminant Analysis of Principal Components for Face Recognition"", in Proc. International Conference on Automatic Face and Gesture Recognition, 336-341,1998."
274,13,"S. Beucher and F. Meyer. The morphological approach to segmentation: The watershed transformation. In Mathematical Morphology in Image Processing, chapter 12, pages 433-481. Marcel Dekker, 1993."
275,13,"A. X. Falcão and F. P. G. Bergo. Interactive volume segmentation with differential image foresting transforms. IEEE Trans. on Medical Imaging, 23(9): 1100-1108, 2004."
276,13,"A. X. Falcão, F. P. G. Bergo, and P. A. V. Miranda. Image segmentation by tree pruning. In Proc. of the XV11 Brazillian Symposium on Computer Graphics and Image Processing, pages 65-71. IEEE, Oct 2004."
277,13,"A. X. Falcão, L. F. Costa, and B. S. da Cunha. Multiscale skeletons by image foresting transform and its applications to neuromorphometry. Pattern Recognition, 35(7): 1571-1582, 2002."
278,13,"A. X. Falcão, J. Stolfi, and R. A. Lotufo. The image foresting transform: Theory, algorithms, and applications. IEEE Trans. on Pattern Analysis and Machine Intelligence, 26(1): 19-29, 2004."
279,13,"A. X. Falcão, J. K. Udupa, and F. K. Miyazawa. An ultrafast user-steered image segmentation paradigm: Live-wireon-the-fly. IEEE Trans. on Medical Imaging, 19(1):55-62, 2000."
280,13,"A. X. Falcão, J. K. Udupa, S. Samarasekera, S. Sharma, B. E. Hirsch, and R. A. Lotufo. User-steered image segmentation paradigms: Live-wire and live-lane. Graphical Models and Image Processing, 60(4):233-260, Jul 1998."
281,13,"P. Felkel, M. Bruckschwaiger, and R. Wegenkittl. Implementation and complexity of the watershed-from-markers algorithm computed as a minimal cost forest. Computer Graphics Forum (EUROGRAPHICS), 20(3):(C) 26-35, 2001."
282,13,"V. Grau, A. U. J. Mewes, M. Alcaniz, R. Kikinis, and S. K. Warfield. Improved watershed transform for medical image segmentation using prior information. IEEE Trans. on Medical Imaging, 23(4):447-458, Apr 2004."
283,13,"G. T. Herman and B. M. Carvalho. Multiseeded segmentation using fuzzy connectedness. IEEE Trans. on Pattern Analysis and Machine Intelligence, 23(5):460-474, 2001."
284,13,"T. Lei, J. K. Udupa, P. K. Saha, and D. Odhner. Artery-vein separation via MRA - An image processing approach. IEEE Trans. on Medical Imaging, 20(8), 2001."
285,13,"R. A. Lotufo and A. X. Falcão. The ordered queue and the optimality of the watershed approaches. In Mathematical Morphology and its Applications to Image and Signal Processing, volume 18, pages 341-350. Kluwer, Jun 2000."
286,13,"A. Meijster and M. H. F. Wilkinson. A comparison of algorithms tor connected set openings and closings. IEEE Trans. on Pattern Analysis and Machine Intelligence, 24(4):484494, Apr 2002."
287,13,"G. Moonis, J. Liu, J. K. Udupa, and D. B. Hackney. Estimation of tumor volume with fuzzy-connectedness segmentation of MR images. American Journal of Neuroradiology, 23:356-363, Mar 2002."
288,13,"H. T. Nguyen, M. Worring, and R. van den Boomgaard. Watersnakes: energy-driven watershed segmentation. IEEE Trans. on Pattern Analysis and Machine Intelligence, 25(3):330-342, Mar 2003."
289,13,"P. K. Saha and J. K. Udupa. Fuzzy connected object delineation: Axiomatic path strength definition and the case of multiple seeds. Computer Vision and Image Understanding, 83:275-295, 2001."
290,13,"P. K. Saha and J. K. Udupa. Relative fuzzy connectedness among multiple objects: theory, algorithms, and applications in image segmentation. Computer Vision and Image Understanding, 82:42-56, 2001."
291,13,"P. K. Saha, J. K. Udupa, and D. Odhner. Scale-based fuzzy connected image segmentation: Theory, algorithms, and validation. Computer Vision and Image Understanding, 77(2): 145-174, 2000."
292,13,"R. S. Torres, A. X. Falcão, and L. F. Costa. A graph-based approach for multiscale shape analysis. Pattern Recognition, 37(6): 1163-1174, 2004."
293,13,"J. K. Udupa and S. Samarasekera. Fuzzy connectedness and object definition: theory, algorithms, and applications in image segmentation. Graphical Models and Image Processing, 58:246-261, 1996."
294,13,"L. Vincent and P. Soille. Watersheds in digital spaces: An efficient algorithm based on immersion simulations. IEEE Trans. on Pattern Analysis and Machine Intelligence, 13(6), Jun 1991."
295,13,"S. Beucher and F. Meyer. The morphological approach to segmentation: The watershed transformation. In Mathematical Morphology in Image Processing, chapter 12, pages 433-481. Marcel Dekker, 1993."
296,13,"A. X. Falcão and F. P. G. Bergo. Interactive volume segmentation with differential image foresting transforms. IEEE Trans. on Medical Imaging, 23(9): 1100-1108, 2004."
297,13,"A. X. Falcão, F. P. G. Bergo, and P. A. V. Miranda. Image segmentation by tree pruning. In Proc. of the XV11 Brazillian Symposium on Computer Graphics and Image Processing, pages 65-71. IEEE, Oct 2004."
298,13,"A. X. Falcão, L. F. Costa, and B. S. da Cunha. Multiscale skeletons by image foresting transform and its applications to neuromorphometry. Pattern Recognition, 35(7): 1571-1582, 2002."
299,13,"A. X. Falcão, J. Stolfi, and R. A. Lotufo. The image foresting transform: Theory, algorithms, and applications. IEEE Trans. on Pattern Analysis and Machine Intelligence, 26(1): 19-29, 2004."
300,13,"A. X. Falcão, J. K. Udupa, and F. K. Miyazawa. An ultrafast user-steered image segmentation paradigm: Live-wireon-the-fly. IEEE Trans. on Medical Imaging, 19(1):55-62, 2000."
301,13,"A. X. Falcão, J. K. Udupa, S. Samarasekera, S. Sharma, B. E. Hirsch, and R. A. Lotufo. User-steered image segmentation paradigms: Live-wire and live-lane. Graphical Models and Image Processing, 60(4):233-260, Jul 1998."
302,13,"P. Felkel, M. Bruckschwaiger, and R. Wegenkittl. Implementation and complexity of the watershed-from-markers algorithm computed as a minimal cost forest. Computer Graphics Forum (EUROGRAPHICS), 20(3):(C) 26-35, 2001."
303,13,"V. Grau, A. U. J. Mewes, M. Alcaniz, R. Kikinis, and S. K. Warfield. Improved watershed transform for medical image segmentation using prior information. IEEE Trans. on Medical Imaging, 23(4):447-458, Apr 2004."
304,13,"G. T. Herman and B. M. Carvalho. Multiseeded segmentation using fuzzy connectedness. IEEE Trans. on Pattern Analysis and Machine Intelligence, 23(5):460-474, 2001."
305,13,"T. Lei, J. K. Udupa, P. K. Saha, and D. Odhner. Artery-vein separation via MRA - An image processing approach. IEEE Trans. on Medical Imaging, 20(8), 2001."
306,13,"R. A. Lotufo and A. X. Falcão. The ordered queue and the optimality of the watershed approaches. In Mathematical Morphology and its Applications to Image and Signal Processing, volume 18, pages 341-350. Kluwer, Jun 2000."
307,13,"A. Meijster and M. H. F. Wilkinson. A comparison of algorithms tor connected set openings and closings. IEEE Trans. on Pattern Analysis and Machine Intelligence, 24(4):484494, Apr 2002."
308,13,"G. Moonis, J. Liu, J. K. Udupa, and D. B. Hackney. Estimation of tumor volume with fuzzy-connectedness segmentation of MR images. American Journal of Neuroradiology, 23:356-363, Mar 2002."
309,13,"H. T. Nguyen, M. Worring, and R. van den Boomgaard. Watersnakes: energy-driven watershed segmentation. IEEE Trans. on Pattern Analysis and Machine Intelligence, 25(3):330-342, Mar 2003."
310,13,"P. K. Saha and J. K. Udupa. Fuzzy connected object delineation: Axiomatic path strength definition and the case of multiple seeds. Computer Vision and Image Understanding, 83:275-295, 2001."
311,13,"P. K. Saha and J. K. Udupa. Relative fuzzy connectedness among multiple objects: theory, algorithms, and applications in image segmentation. Computer Vision and Image Understanding, 82:42-56, 2001."
312,13,"P. K. Saha, J. K. Udupa, and D. Odhner. Scale-based fuzzy connected image segmentation: Theory, algorithms, and validation. Computer Vision and Image Understanding, 77(2): 145-174, 2000."
313,13,"R. S. Torres, A. X. Falcão, and L. F. Costa. A graph-based approach for multiscale shape analysis. Pattern Recognition, 37(6): 1163-1174, 2004."
314,13,"J. K. Udupa and S. Samarasekera. Fuzzy connectedness and object definition: theory, algorithms, and applications in image segmentation. Graphical Models and Image Processing, 58:246-261, 1996."
315,13,"L. Vincent and P. Soille. Watersheds in digital spaces: An efficient algorithm based on immersion simulations. IEEE Trans. on Pattern Analysis and Machine Intelligence, 13(6), Jun 1991."
316,14,"M.R.P. Homem, N.D.A. Mascarenhas, and P.E. Cruvinel. ""The Linear Attenuation Coefficients as Features of Multiple Energy CT Image Classification"", Nuclear Instruments and Methods in Physics Research, v. 452, 2000, pp. 351-360."
317,14,"M.P.-Jr. Ponti., and N.D.A. Mascarenhas. ""Material Analysis on Noisy Multispectral Images Using Classifier Combination"", Proc. IEEE Southwest Symposium on Image Analysis and Interpretation, 6, 28-30 mar.2004. pp. 1-5."
318,14,"N. Ueda, ""Optimal Linear Combination of Neural Networks for Improving Classification Performance"", IEEE Trans. Pattern Analysis and Machine Intelligence, v. 22, n.2, 2000, pp. 207-215."
319,14,"D. Yu, Q. Hu and W. Bao. ""Combining Multiple Neural Networks for Classification Based on Rough Set Reduction"", Proc. IEEE 2001 Int. Conf. Neural Networks and Signal Processing, v.l, dec. 2003, pp. 543-548."
320,14,"A. Al-Ani and M. Deriche. ""A Dempter-Shafer Theory of Evidence Approach for Combining Trained Neural Networks"", Proc. IEEE Int. Symp. Circuits and Systems, v.3, may. 2001, pp. 703-706."
321,14,"P.E. Cruvinel, R. Cesareo, and S. Mascarenhas. ""X and γRays Computerized Minitomograph Scanner for Soil Science"", IEEE Transactions on Instrumentation and Measurementes, v. 39, n. 5, 1990. p. 745-750."
322,14,"S. Haykin. ""Redes Neurais - Princípios e Prática"" , Bookman, 2 ed. Porto Alegre, 2001."
323,14,"C.M. Bishop. ""Neural Networks for Pattern Recognition"", Oxford, New York, 1995."
324,14,"L. Breiman. ""Bagging Predictors"", Machine Learning, v. 26(2). 1996. pp. 123-140."
325,14,"L. Kuncheva. ""Combining Pattern Classifiers"", Wiley-Interscience, Hoboken, NJ, 2004."
326,14,"M.R. Ahmadzadeh, M. Petron, and K.R. Sasikala ""The Depster-Shafer Combination Rule as a Tool to Classifier Combination"". Geoscience and Remote Sesing Symposium. Proc. IGARSS, 2000, IEEE International, pp. 2429-2431."
327,14,"R. Kohavi. ""A Study of Cross-Validation and Bootstrap for Accuracy Estimation and Model Selection"" Proc. of the 14 Int. Joint Conf. on A. I.., Vol. 2, Canada, 1995, pp. 1137-1143."
328,14,"J. Carletta. ""Assessing Agreement on Classification Taks: the Kappa Statistic"", Computational Linguistics, v. 22(2), 1996, pp. 249-254."
329,14,"R.G. Congalton, ""A Review of Assessing the Accuracy of Classifications of Remotely Sensed Data"", Remote Sensing Environment, v.37, 1991, pp. 35-46."
330,14,"J. Cohen. ""A Coefficient of Agreement for Nominal Scales"". Educational and Psychological Measurement, v.20, n.l, 1960, p. 37-46."
331,14,"R.O. Duda, P.E. Hart, and D.O. Stork, ""Pattern Classification"", Wiley, 2ed, New York, 2000."
332,14,"M.R.P. Homem, N.D.A. Mascarenhas, and P.E. Cruvinel. ""The Linear Attenuation Coefficients as Features of Multiple Energy CT Image Classification"", Nuclear Instruments and Methods in Physics Research, v. 452, 2000, pp. 351-360."
333,14,"M.P.-Jr. Ponti., and N.D.A. Mascarenhas. ""Material Analysis on Noisy Multispectral Images Using Classifier Combination"", Proc. IEEE Southwest Symposium on Image Analysis and Interpretation, 6, 28-30 mar.2004. pp. 1-5."
334,14,"N. Ueda, ""Optimal Linear Combination of Neural Networks for Improving Classification Performance"", IEEE Trans. Pattern Analysis and Machine Intelligence, v. 22, n.2, 2000, pp. 207-215."
335,14,"D. Yu, Q. Hu and W. Bao. ""Combining Multiple Neural Networks for Classification Based on Rough Set Reduction"", Proc. IEEE 2001 Int. Conf. Neural Networks and Signal Processing, v.l, dec. 2003, pp. 543-548."
336,14,"A. Al-Ani and M. Deriche. ""A Dempter-Shafer Theory of Evidence Approach for Combining Trained Neural Networks"", Proc. IEEE Int. Symp. Circuits and Systems, v.3, may. 2001, pp. 703-706."
337,14,"P.E. Cruvinel, R. Cesareo, and S. Mascarenhas. ""X and γRays Computerized Minitomograph Scanner for Soil Science"", IEEE Transactions on Instrumentation and Measurementes, v. 39, n. 5, 1990. p. 745-750."
338,14,"S. Haykin. ""Redes Neurais - Princípios e Prática"" , Bookman, 2 ed. Porto Alegre, 2001."
339,14,"C.M. Bishop. ""Neural Networks for Pattern Recognition"", Oxford, New York, 1995."
340,14,"L. Breiman. ""Bagging Predictors"", Machine Learning, v. 26(2). 1996. pp. 123-140."
341,14,"L. Kuncheva. ""Combining Pattern Classifiers"", Wiley-Interscience, Hoboken, NJ, 2004."
342,14,"M.R. Ahmadzadeh, M. Petron, and K.R. Sasikala ""The Depster-Shafer Combination Rule as a Tool to Classifier Combination"". Geoscience and Remote Sesing Symposium. Proc. IGARSS, 2000, IEEE International, pp. 2429-2431."
343,14,"R. Kohavi. ""A Study of Cross-Validation and Bootstrap for Accuracy Estimation and Model Selection"" Proc. of the 14 Int. Joint Conf. on A. I.., Vol. 2, Canada, 1995, pp. 1137-1143."
344,14,"J. Carletta. ""Assessing Agreement on Classification Taks: the Kappa Statistic"", Computational Linguistics, v. 22(2), 1996, pp. 249-254."
345,14,"R.G. Congalton, ""A Review of Assessing the Accuracy of Classifications of Remotely Sensed Data"", Remote Sensing Environment, v.37, 1991, pp. 35-46."
346,14,"J. Cohen. ""A Coefficient of Agreement for Nominal Scales"". Educational and Psychological Measurement, v.20, n.l, 1960, p. 37-46."
347,14,"R.O. Duda, P.E. Hart, and D.O. Stork, ""Pattern Classification"", Wiley, 2ed, New York, 2000."
348,15,"Maltoni, D., D. Maio, A. K. Jain, and S. Prabhakar, Handbook of Fingerprint Recognition, Springer-Verlag, New York, 2003."
349,15,"Stosz, J. D., and L. A. Alyea, ""Automated System for Fingerprint Authentication Using Pores and Ridge Structure"", Proc. of SPIE (Automatic Systems for the Identification and Inspection of Human), vol. 2277, 1994, pp. 210-223."
350,15,"Jain, A. K., L. Hong, and R. Bolle, ""On-line Fingerprint Verification"", IEEE Transactions on Pattern Analysis and Machine Intelligence, vol. 19(4), 1997, pp. 302-314."
351,15,"Jain, A. K., A. Ross, and S. Prabahkar, ""Fingerprint Matching Using Minutiae and Texture Features"", Proceedings of Int. Conference on Image Processing (ICIP), Thessaloniki, Greece, Oct 7-10, 2001, pp. 282-285."
352,15,"Ross, A., A. K. Jain, and J. Reisman, ""A Hybrid Fingerprint Matcher"", Pattern Recognition, vol. 36(7), 2003, pp. 1661-1673."
353,15,"Nandakumar, K., and A. K. Jain, ""Local Correlation-Based Fingerprint Matching"", Proceedings of the ICVGIP, Kolkata, India, December 2004."
354,15,"Shapiro, L. G., and G. Stockman, Computer Vision, Prentice-Hall, New Jersey, 2001."
355,15,"Ratha, N. K., K. Karu, S. Chen, and A. K. Jain, ""A Real-Time Matching System for Large Fingerprint Database"", IEEE Trans. PAMl, 18(8), 1996, pp. 799-813."
356,15,"Jain, A. K., S. Prabhakar, and S. Chen, ""Combining Multiple Matchers for a High Security Fingerprint Verification System"", Pattern Recognition Letters, 20, No. 11-13, 1999, pp. 1371-1379."
357,15,"Snelick, R., M. Indovina, J., J. Yen, and A. Mink, ""Multimodal Biometrics: Issues in Design and Testing"", Proc. of Fifth International Conference on Multimodal Interfaces, Vancouver, Canada, November 2003, pp. 68-72. 1859-1867."
358,15,"Maltoni, D., D. Maio, A. K. Jain, and S. Prabhakar, Handbook of Fingerprint Recognition, Springer-Verlag, New York, 2003."
359,15,"Stosz, J. D., and L. A. Alyea, ""Automated System for Fingerprint Authentication Using Pores and Ridge Structure"", Proc. of SPIE (Automatic Systems for the Identification and Inspection of Human), vol. 2277, 1994, pp. 210-223."
360,15,"Jain, A. K., L. Hong, and R. Bolle, ""On-line Fingerprint Verification"", IEEE Transactions on Pattern Analysis and Machine Intelligence, vol. 19(4), 1997, pp. 302-314."
361,15,"Jain, A. K., A. Ross, and S. Prabahkar, ""Fingerprint Matching Using Minutiae and Texture Features"", Proceedings of Int. Conference on Image Processing (ICIP), Thessaloniki, Greece, Oct 7-10, 2001, pp. 282-285."
362,15,"Ross, A., A. K. Jain, and J. Reisman, ""A Hybrid Fingerprint Matcher"", Pattern Recognition, vol. 36(7), 2003, pp. 1661-1673."
363,15,"Nandakumar, K., and A. K. Jain, ""Local Correlation-Based Fingerprint Matching"", Proceedings of the ICVGIP, Kolkata, India, December 2004."
364,15,"Shapiro, L. G., and G. Stockman, Computer Vision, Prentice-Hall, New Jersey, 2001."
365,15,"Ratha, N. K., K. Karu, S. Chen, and A. K. Jain, ""A Real-Time Matching System for Large Fingerprint Database"", IEEE Trans. PAMl, 18(8), 1996, pp. 799-813."
366,15,"Jain, A. K., S. Prabhakar, and S. Chen, ""Combining Multiple Matchers for a High Security Fingerprint Verification System"", Pattern Recognition Letters, 20, No. 11-13, 1999, pp. 1371-1379."
367,15,"Snelick, R., M. Indovina, J., J. Yen, and A. Mink, ""Multimodal Biometrics: Issues in Design and Testing"", Proc. of Fifth International Conference on Multimodal Interfaces, Vancouver, Canada, November 2003, pp. 68-72. 1859-1867."
368,16,"B. G. Baumgart A polyhedron representation for computer vision. AFIPS National Computer Conference, pages 589-596, 1975."
369,16,"P. R. de Andrade Neto. Busca de padrões em subdivisões planares, Masters thesis, PPGINF - UFPR, Curitiba - PR, 2004."
370,16,"J. Lladós, E. Martí, and J. J. Villanueva. Symbol recognition by error-tolerant subgraph matching between region adjacency graphs. IEEE Transactions on Pattern Analysis and Machine Intelligence, 23(10):1137-1143, Oct. 2001."
371,16,"K. Mehlhorn. Graph Algorithms and NP-Completeness. Springer-Verlag, 1984."
372,16,"F. P. Preparata and M. I. Shamos. Computational Geometry: An Introduction. Springer-Verlag, 1985."
373,16,"J. R. Shewchuk. Triangle: Engineering a 2D quality mesh generator and delaunay triangulator. First Workshop on Applied Computational Geometry, pages 124-133, May 1996."
374,16,"B. G. Baumgart A polyhedron representation for computer vision. AFIPS National Computer Conference, pages 589-596, 1975."
375,16,"P. R. de Andrade Neto. Busca de padrões em subdivisões planares, Masters thesis, PPGINF - UFPR, Curitiba - PR, 2004."
376,16,"J. Lladós, E. Martí, and J. J. Villanueva. Symbol recognition by error-tolerant subgraph matching between region adjacency graphs. IEEE Transactions on Pattern Analysis and Machine Intelligence, 23(10):1137-1143, Oct. 2001."
377,16,"K. Mehlhorn. Graph Algorithms and NP-Completeness. Springer-Verlag, 1984."
378,16,"F. P. Preparata and M. I. Shamos. Computational Geometry: An Introduction. Springer-Verlag, 1985."
379,16,"J. R. Shewchuk. Triangle: Engineering a 2D quality mesh generator and delaunay triangulator. First Workshop on Applied Computational Geometry, pages 124-133, May 1996."
380,17,"N. Apostoloff and A. Zelinsky. Robust based lane tracking using multiple cues and particle filtering. In Proceedings of IEEE Intelligent Vehicles Symposium, pages 558-563, Columbus, OH, June 2003."
381,17,"M. Bertozzi and A. Broggi. Real-time lane and obstacle detection on the gold system. In Proceedings of IEEE Intelligent Vehicles Symposium, pages 213-218, 1996."
382,17,"M. Bertozzi and A. Broggi. GOLD: A parallel real-time stereo vision system for generic obstacle and lane detection. IEEE Transactions on Image Processing, 7(1):62-81, 1998."
383,17,"M. Bertozzi, A. Broggi, M. Cellario, A. Fascioli, P. Lombardi, and M. Porta. Artificial vision in road vehicles. Proceedings of the IEEE, 90(7): 1258-1271, July 2002."
384,17,"S. Beucher and M. Bilodeau. Road segmentation and obstacle detection by a fast watershed transformation. In Proceedings of IEEE Intelligent Vehicles Symposium, pages 296-301, October 1994."
385,17,"F. Guichard and J.-P. Tarel. Curve finder combining perceptual grouping and a kalman like fitting. In Proceedings of IEEE International Conference on Computer Vision, volume 2, pages 1003-1008, 1999."
386,17,"A. Guiducci. Parametric model of the perspective projection of a road with applications to lane keeping and 3d road reconstruction. Computer Vision and Image Understanding, 73(3):414-427, March 1999."
387,17,"A. Guiducci. Camera calibration for road applications. Computer Vision and Image Understanding, 79(2):250-266, August 2000."
388,17,"J. Hagen. Road safety crisis. UN Chronicle Online Edition., 2004. http://www.un.org/Pubs/chronicle/2004/webArticles/012204\_road\-safety.asp."
389,17,"C. R. Jung and C. R. Kelber. A robust linear-parabolic model for lane following. In Proceedings of SIBGRAPI, pages 72-79, Curitiba, PR, October 2004."
390,17,"V. Kastrinaki, M. Zervakis, and K. Kalaitzakis. A survey of video processing techniques for traffic applications. Image and Vision Computing, 21(4):359-381, April 2003."
391,17,"K. Kluge. Extracting road curvature and orientation from image edge points without perceptual grouping into features. In Proceedings of IEEE Intelligent Vehicles Symposium, pages 109-114, October 1994."
392,17,"A. V. Oppenheim and R. W. Schafer. Discrete-Time Signal Processing. Prentice Hall, Englewood Cliffs, NJ, 1989."
393,17,"J. Park, J. Lee, and K. Jhang. A lane-curve detection based on an LCF. Pattern Recognition Letters, 24(14):2301-2313, October 2003."
394,17,"D. A. Pomerleau. RALPH: Rapidly adapting lateral position handler. In Proceedings of IEEE Intelligent Vehicles Symposium, pages 506-511, Detroit, USA, 1995."
395,17,"R. Risack, N. Mohler, and W. Enkelmann. A video-based lane keeping assistant. In Proceedings of IEEE Intelligent Vehicles Symposium, pages 506-511, Dearborn, MI, October 2000."
396,17,"Y. Wang, D. Shen, and E. Teoh. Lane detection using spline model. Pattern Recognition Letters, 21(6-7):677-689, June 2000."
397,17,"Y. Wang, E. Teoh, and D. Shen. Lane detection and tracking using B-snake. Image and Vision Computing, 22(4):269-280, April 2004."
398,17,"X. Yu, S. Beucher, and M. Bilodeau. Road tracking, lane segmentation and obstacle recognition by a mathematical morphology. In Proceedings of IEEE Intelligent Vehicles Symposium, pages 166-172, June 1992."
399,17,"N. Apostoloff and A. Zelinsky. Robust based lane tracking using multiple cues and particle filtering. In Proceedings of IEEE Intelligent Vehicles Symposium, pages 558-563, Columbus, OH, June 2003."
400,17,"M. Bertozzi and A. Broggi. Real-time lane and obstacle detection on the gold system. In Proceedings of IEEE Intelligent Vehicles Symposium, pages 213-218, 1996."
401,17,"M. Bertozzi and A. Broggi. GOLD: A parallel real-time stereo vision system for generic obstacle and lane detection. IEEE Transactions on Image Processing, 7(1):62-81, 1998."
402,17,"M. Bertozzi, A. Broggi, M. Cellario, A. Fascioli, P. Lombardi, and M. Porta. Artificial vision in road vehicles. Proceedings of the IEEE, 90(7): 1258-1271, July 2002."
403,17,"S. Beucher and M. Bilodeau. Road segmentation and obstacle detection by a fast watershed transformation. In Proceedings of IEEE Intelligent Vehicles Symposium, pages 296-301, October 1994."
404,17,"F. Guichard and J.-P. Tarel. Curve finder combining perceptual grouping and a kalman like fitting. In Proceedings of IEEE International Conference on Computer Vision, volume 2, pages 1003-1008, 1999."
405,17,"A. Guiducci. Parametric model of the perspective projection of a road with applications to lane keeping and 3d road reconstruction. Computer Vision and Image Understanding, 73(3):414-427, March 1999."
406,17,"A. Guiducci. Camera calibration for road applications. Computer Vision and Image Understanding, 79(2):250-266, August 2000."
407,17,"J. Hagen. Road safety crisis. UN Chronicle Online Edition., 2004. http://www.un.org/Pubs/chronicle/2004/webArticles/012204\_road\-safety.asp."
408,17,"C. R. Jung and C. R. Kelber. A robust linear-parabolic model for lane following. In Proceedings of SIBGRAPI, pages 72-79, Curitiba, PR, October 2004."
409,17,"V. Kastrinaki, M. Zervakis, and K. Kalaitzakis. A survey of video processing techniques for traffic applications. Image and Vision Computing, 21(4):359-381, April 2003."
410,17,"K. Kluge. Extracting road curvature and orientation from image edge points without perceptual grouping into features. In Proceedings of IEEE Intelligent Vehicles Symposium, pages 109-114, October 1994."
411,17,"A. V. Oppenheim and R. W. Schafer. Discrete-Time Signal Processing. Prentice Hall, Englewood Cliffs, NJ, 1989."
412,17,"J. Park, J. Lee, and K. Jhang. A lane-curve detection based on an LCF. Pattern Recognition Letters, 24(14):2301-2313, October 2003."
413,17,"D. A. Pomerleau. RALPH: Rapidly adapting lateral position handler. In Proceedings of IEEE Intelligent Vehicles Symposium, pages 506-511, Detroit, USA, 1995."
414,17,"R. Risack, N. Mohler, and W. Enkelmann. A video-based lane keeping assistant. In Proceedings of IEEE Intelligent Vehicles Symposium, pages 506-511, Dearborn, MI, October 2000."
415,17,"Y. Wang, D. Shen, and E. Teoh. Lane detection using spline model. Pattern Recognition Letters, 21(6-7):677-689, June 2000."
416,17,"Y. Wang, E. Teoh, and D. Shen. Lane detection and tracking using B-snake. Image and Vision Computing, 22(4):269-280, April 2004."
417,17,"X. Yu, S. Beucher, and M. Bilodeau. Road tracking, lane segmentation and obstacle recognition by a mathematical morphology. In Proceedings of IEEE Intelligent Vehicles Symposium, pages 166-172, June 1992."
418,18,"S. Abbasi, F. Mokhtarian, and J. Kittler. Enhancing CSS-based Shape Retrieval for Objects with Shallow Concavities. Image and Vision Computing, 18(3): 199-211, February 2000."
419,18,"N. Arica and F. T. Y. Vural. A Perceptual Shape Descriptor. In Proceedings of the International Conference on Pattern Recognition, pages 375-378, Madison, Wisconsin, USA, 2002."
420,18,"N. Arica and F. T. Y. Vural. BAS: A Perceptual Shape Descriptor Based on the Beam Angle Statistics. Pattern Recognition Letters, 24(9-10): 1627-1639, June 2003."
421,18,"S. Belongie, J. Malik, and J. Puzicha. Shape Matching and Object Recognition Using Shape Contexts. IEEE Transactions on Pattern Analysis and Machine Intelligence, 24(24):509-522, 2002."
422,18,"J. Canny. A computational approach to edge detection. IEEE Transactions on Pattern Analysis and Machine Intelligence, 8(6):679-698, 1986."
423,18,"G. Chuang and C.-C. Kuo. Wavelet Descriptor of Planar Curves: Theory and Applications. IEEE Transactions on Pattern Analysis and Machine Intelligence, 5(1):56-70, 1996."
424,18,"R. da S. Torres, A. X. Falcão, and L. da F. Costa. A Graph-based Approach for Multiscale Shape Analysis. Pattern Recognition, 37(6):1163-1174, June 2004."
425,18,"R. da S. Torres, E. M. Picado, A. X. Falcão, and L. da F. Costa. Effective Image Retrieval by Shape Saliences. In Proceedings of the Brazilian Symposium on Computer Graphics and Image Processing, pages 49-55, São Carlos, SP, Brazil, October 2003."
426,18,"S. di Zeno. A note on the gradient of a multi-image. Computer Vision Graphics and Image Processing, 33(1): 166-125, 1986."
427,18,"S. A. Dudani, K. J. Breeding, and R. B. McGhee. Aircraft Identification by Moment Invariants. IEEE Transactions on Computers, 26(1):39-45, January 1977."
428,18,"J. H. Elder and S. W. Zucker. Local scale control for edge detection and blur estimation. IEEE Transactions on Pattern Analysis and Machine Intelligence, 20(7):699-716, 1998."
429,18,"R. C. Gonzalez and R. E. Woods. Digital Image Processing. Addison-Wesley, Reading, MA, USA, 1992."
430,18,"E. L. Hall. Computer Image Processing and Recognition. New York, NY: Academic Press, 1979."
431,18,"M. K. Hu. Visual Pattern Recognition by Moment Invariants. IRE Transactions on Information Theory, 8(2):179-187, 1962."
432,18,"M. Kass and A. Witkin. Analyzing oriented patterns. Computer Vision Graphics and Image Processing, 37(3):362-385, 1987."
433,18,"A. Khotanzan and Y. H. Hong. Invariant Image Recognition by Zernike Moments. IEEE Transactions on Pattern Analysis and Machine Intelligence, 12(5):489-487, 1990."
434,18,"H. Kim and J. Kim. Region-based shape descriptor invariant to rotation, scale and translation. Signal Process. Image Commun, 16(1-2):87-93, 2000."
435,18,"H. Knutsson. Representing local structures using tensors. in Proceedings of 6th Scandinavian Conference on Image Analysis, pages 244-251, 1989."
436,18,"L. J. Latecki and R. Lakamper. Shape Similarity Measure Based on Correspondence of Visual Parts. IEEE Transactions on Pattern Analysis and Machine Intelligence, 22(10): 1185-1190, 2000."
437,18,"L.-J. Lin and S.-Y. Kung. Coding and Comparison of DAGs as a Novel Neural Structure with Applications to On-Line Handwriting Recognition. IEEE Transactions on Signal Processing, 45(11):2701-2708, 1997."
438,18,"D. Marr and E. Hildretch. Theory of edge detection. Proceedings of Royal Society London, 207:187-217, 1980."
439,18,"B. M. Mehtre, M. S. Kankanhalli, and W. F. Lee. Shape Measures for Content Based Image Retrieval: A Comparison. Information Processing and Management, 33(3):319-337, 1997."
440,18,"C. Y. Ming. Shape-Based Image Retrieval in Iconic Image Databases. Master's thesis, Chinese University of Hong Kong, June 1999."
441,18,"F. Mokhtarian and S. Abbasi. Shape Similarity Retrieval Under Affine Transforms. Pattern Recognition, 35(1):31-41, January 2002."
442,18,"B. Rieger and L. J. van Vliet. Curvature of n-dimensional space curve in grey-value images. IEEE Transactions on Image Processing, 11(7):738-745, 2002."
443,18,"P. Saha. Tensor Scale: A Local Morphometric Parameter With Applications to Computer Vision and Image Processing. Technical Report 306, Medical Image Processing Group, Department of Radiology, University of Pennsylvania, September 2003."
444,18,"P. K. Saha, J. C. Gee, Z. Xie, and J. K. Udupa. Tensor scale-based image registration, in Proceedings of SPIE: Medical Imaging, 5032:743-753, 2003."
445,18,"P. K. Saha and J. K. Udupa. Scale-based diffusive image filtering preserving boundary sharpness and fine structures. IEEE Transactions on Medical Imaging, 20(11):1140-1155, 2001."
446,18,"P. K. Saha and J. K. Udupa. Tensor scale-based fuzzy connectedness image segmentation, in Proceedings of SPIE: Medical Imaging, 5032:1580-1590, 2003."
447,18,"P. K. Saha, J. K. Udupa, and D. Odhner. Scale-based fuzzy connected image segmentation: Theory, algorithms, and validation. Computer Vision and Image Understanding, 77(2):145-174, 2000."
448,18,"S. Abbasi, F. Mokhtarian, and J. Kittler. Enhancing CSS-based Shape Retrieval for Objects with Shallow Concavities. Image and Vision Computing, 18(3): 199-211, February 2000."
449,18,"N. Arica and F. T. Y. Vural. A Perceptual Shape Descriptor. In Proceedings of the International Conference on Pattern Recognition, pages 375-378, Madison, Wisconsin, USA, 2002."
450,18,"N. Arica and F. T. Y. Vural. BAS: A Perceptual Shape Descriptor Based on the Beam Angle Statistics. Pattern Recognition Letters, 24(9-10): 1627-1639, June 2003."
451,18,"S. Belongie, J. Malik, and J. Puzicha. Shape Matching and Object Recognition Using Shape Contexts. IEEE Transactions on Pattern Analysis and Machine Intelligence, 24(24):509-522, 2002."
452,18,"J. Canny. A computational approach to edge detection. IEEE Transactions on Pattern Analysis and Machine Intelligence, 8(6):679-698, 1986."
453,18,"G. Chuang and C.-C. Kuo. Wavelet Descriptor of Planar Curves: Theory and Applications. IEEE Transactions on Pattern Analysis and Machine Intelligence, 5(1):56-70, 1996."
454,18,"R. da S. Torres, A. X. Falcão, and L. da F. Costa. A Graph-based Approach for Multiscale Shape Analysis. Pattern Recognition, 37(6):1163-1174, June 2004."
455,18,"R. da S. Torres, E. M. Picado, A. X. Falcão, and L. da F. Costa. Effective Image Retrieval by Shape Saliences. In Proceedings of the Brazilian Symposium on Computer Graphics and Image Processing, pages 49-55, São Carlos, SP, Brazil, October 2003."
456,18,"S. di Zeno. A note on the gradient of a multi-image. Computer Vision Graphics and Image Processing, 33(1): 166-125, 1986."
457,18,"S. A. Dudani, K. J. Breeding, and R. B. McGhee. Aircraft Identification by Moment Invariants. IEEE Transactions on Computers, 26(1):39-45, January 1977."
458,18,"J. H. Elder and S. W. Zucker. Local scale control for edge detection and blur estimation. IEEE Transactions on Pattern Analysis and Machine Intelligence, 20(7):699-716, 1998."
459,18,"R. C. Gonzalez and R. E. Woods. Digital Image Processing. Addison-Wesley, Reading, MA, USA, 1992."
460,18,"E. L. Hall. Computer Image Processing and Recognition. New York, NY: Academic Press, 1979."
461,18,"M. K. Hu. Visual Pattern Recognition by Moment Invariants. IRE Transactions on Information Theory, 8(2):179-187, 1962."
462,18,"M. Kass and A. Witkin. Analyzing oriented patterns. Computer Vision Graphics and Image Processing, 37(3):362-385, 1987."
463,18,"A. Khotanzan and Y. H. Hong. Invariant Image Recognition by Zernike Moments. IEEE Transactions on Pattern Analysis and Machine Intelligence, 12(5):489-487, 1990."
464,18,"H. Kim and J. Kim. Region-based shape descriptor invariant to rotation, scale and translation. Signal Process. Image Commun, 16(1-2):87-93, 2000."
465,18,"H. Knutsson. Representing local structures using tensors. in Proceedings of 6th Scandinavian Conference on Image Analysis, pages 244-251, 1989."
466,18,"L. J. Latecki and R. Lakamper. Shape Similarity Measure Based on Correspondence of Visual Parts. IEEE Transactions on Pattern Analysis and Machine Intelligence, 22(10): 1185-1190, 2000."
467,18,"L.-J. Lin and S.-Y. Kung. Coding and Comparison of DAGs as a Novel Neural Structure with Applications to On-Line Handwriting Recognition. IEEE Transactions on Signal Processing, 45(11):2701-2708, 1997."
468,18,"D. Marr and E. Hildretch. Theory of edge detection. Proceedings of Royal Society London, 207:187-217, 1980."
469,18,"B. M. Mehtre, M. S. Kankanhalli, and W. F. Lee. Shape Measures for Content Based Image Retrieval: A Comparison. Information Processing and Management, 33(3):319-337, 1997."
470,18,"C. Y. Ming. Shape-Based Image Retrieval in Iconic Image Databases. Master's thesis, Chinese University of Hong Kong, June 1999."
471,18,"F. Mokhtarian and S. Abbasi. Shape Similarity Retrieval Under Affine Transforms. Pattern Recognition, 35(1):31-41, January 2002."
472,18,"B. Rieger and L. J. van Vliet. Curvature of n-dimensional space curve in grey-value images. IEEE Transactions on Image Processing, 11(7):738-745, 2002."
473,18,"P. Saha. Tensor Scale: A Local Morphometric Parameter With Applications to Computer Vision and Image Processing. Technical Report 306, Medical Image Processing Group, Department of Radiology, University of Pennsylvania, September 2003."
474,18,"P. K. Saha, J. C. Gee, Z. Xie, and J. K. Udupa. Tensor scale-based image registration, in Proceedings of SPIE: Medical Imaging, 5032:743-753, 2003."
475,18,"P. K. Saha and J. K. Udupa. Scale-based diffusive image filtering preserving boundary sharpness and fine structures. IEEE Transactions on Medical Imaging, 20(11):1140-1155, 2001."
476,18,"P. K. Saha and J. K. Udupa. Tensor scale-based fuzzy connectedness image segmentation, in Proceedings of SPIE: Medical Imaging, 5032:1580-1590, 2003."
477,18,"P. K. Saha, J. K. Udupa, and D. Odhner. Scale-based fuzzy connected image segmentation: Theory, algorithms, and validation. Computer Vision and Image Understanding, 77(2):145-174, 2000."
478,19,"N. Merlet and J. Zerubia. New prospects in line detection by dynamic programming. IEEE Transactions on Pattern Analysis and Machine Intelligence, 18(4):426-431, April 1996."
479,19,"E. R. Davies, M. Bateman, D. R. Mason, J. Chambers, and C. Ridgway. Design of efficient line segment detectors for cereal grain inspection. Pattern Recognition Letters, 24:413-428, 2003."
480,19,"S. Shah and P. S. Sastry. Fingerprint classification using a feedback-based line detector. IEEE Transactions on Systems, Man, and Cybernetics - part B: Cybernetics, 34(1):85-94, February 2004."
481,19,"R. N. Dixon and C. J. Taylor. Automated asbestos fibre counting. Institute of Physics Conference Series, 44:178-185, 1979."
482,19,"F. J. Ayres and R. M. Rangayyan. Characterization of architectural distortion in mammograms. IEEE Engineering in Medicine and Biology Magazine, pages 59-67, January 2005."
483,19,"F. J. Ayres and R. M. Rangayyan. Detection of architectural distortion in mammograms using phase portraits. In J. M. Fitzpatrick and M. Sonka, editors, Proceedings of SPIE Medical Imaging 2004: Image Processing, volume 5370, pages 587-597, San Diego, CA, February 2004."
484,19,"N. Karssemeijer and G. M. te Brake. Detection of stellate distortions in mammograms. IEEE Transactions on Medical Imaging, 15(5):611-619, 1996."
485,19,"R. Zwiggelaar, S. M. Astley, C. R. M. Boggis, and C. J. Taylor. Linear structures in mammographic images: Detection and classification. IEEE Transactions on Medical Imaging, 23(9): 1077-1086, September 2004."
486,19,"W. T. Freeman and E. H. Adelson. The design and use of steerable filters. IEEE Transactions on Pattern Analysis and Machine Intelligence, 13(9):891-906, September 1991."
487,19,"C. K. Chui. An Introduction to Wavelets, volume 1 of Wavelet Analysis and its Applications. Academic Press, 1992."
488,19,"B. S. Manjunath and W. Y. Ma. Texture features for browsing and retrieval of image data. IEEE Transactions on Pattern Analysis and Machine Intelligence, 18(8):837-842, 1996."
489,19,"R. Zwiggelaar, T. C. Parr, and C. J. Taylor. Finding orientated line patterns in digital mammographic images. In Proceedings of the 7th British Machine Vision Conference, pages 715-724, Edinburgh, UK, 1996."
490,19,"T. Lindeberg. Edge detection and ridge detection with automatic scale selection. International Journal of Computer Vision, 30(2): 117-154, 1998."
491,19,"P. J. Burt and E. H. Adelson. The Laplacian pyramid as a compact image code. IEEE Transactions on Communications, 31(4):532-540, April 1983."
492,19,"C. E. Metz. Basic principles of ROC analysis. Seminars in Nuclear Medicine, VIII(4):283-298, 1978."
493,19,"N. Merlet and J. Zerubia. New prospects in line detection by dynamic programming. IEEE Transactions on Pattern Analysis and Machine Intelligence, 18(4):426-431, April 1996."
494,19,"E. R. Davies, M. Bateman, D. R. Mason, J. Chambers, and C. Ridgway. Design of efficient line segment detectors for cereal grain inspection. Pattern Recognition Letters, 24:413-428, 2003."
495,19,"S. Shah and P. S. Sastry. Fingerprint classification using a feedback-based line detector. IEEE Transactions on Systems, Man, and Cybernetics - part B: Cybernetics, 34(1):85-94, February 2004."
496,19,"R. N. Dixon and C. J. Taylor. Automated asbestos fibre counting. Institute of Physics Conference Series, 44:178-185, 1979."
497,19,"F. J. Ayres and R. M. Rangayyan. Characterization of architectural distortion in mammograms. IEEE Engineering in Medicine and Biology Magazine, pages 59-67, January 2005."
498,19,"F. J. Ayres and R. M. Rangayyan. Detection of architectural distortion in mammograms using phase portraits. In J. M. Fitzpatrick and M. Sonka, editors, Proceedings of SPIE Medical Imaging 2004: Image Processing, volume 5370, pages 587-597, San Diego, CA, February 2004."
499,19,"N. Karssemeijer and G. M. te Brake. Detection of stellate distortions in mammograms. IEEE Transactions on Medical Imaging, 15(5):611-619, 1996."
500,19,"R. Zwiggelaar, S. M. Astley, C. R. M. Boggis, and C. J. Taylor. Linear structures in mammographic images: Detection and classification. IEEE Transactions on Medical Imaging, 23(9): 1077-1086, September 2004."
501,19,"W. T. Freeman and E. H. Adelson. The design and use of steerable filters. IEEE Transactions on Pattern Analysis and Machine Intelligence, 13(9):891-906, September 1991."
502,19,"C. K. Chui. An Introduction to Wavelets, volume 1 of Wavelet Analysis and its Applications. Academic Press, 1992."
503,19,"B. S. Manjunath and W. Y. Ma. Texture features for browsing and retrieval of image data. IEEE Transactions on Pattern Analysis and Machine Intelligence, 18(8):837-842, 1996."
504,19,"R. Zwiggelaar, T. C. Parr, and C. J. Taylor. Finding orientated line patterns in digital mammographic images. In Proceedings of the 7th British Machine Vision Conference, pages 715-724, Edinburgh, UK, 1996."
505,19,"T. Lindeberg. Edge detection and ridge detection with automatic scale selection. International Journal of Computer Vision, 30(2): 117-154, 1998."
506,19,"P. J. Burt and E. H. Adelson. The Laplacian pyramid as a compact image code. IEEE Transactions on Communications, 31(4):532-540, April 1983."
507,19,"C. E. Metz. Basic principles of ROC analysis. Seminars in Nuclear Medicine, VIII(4):283-298, 1978."
